{"branches": 77.77777777777779, "coverage": 95.77613516367475}